question,answer
What type of public transportation is shown in the image?,"Based on the image, the public transportation shown is a **bus**. You can tell by the bus’s shape, wheels, doors, and the branding on the side.

Specifically, it appears to be a bus operated by the Muni (San Francisco Municipal Railway)."
What is the purpose of the overhead wires aligned with the bus?,"Certainly! Let's analyze the image.

The overhead wires aligned with the bus are part of a **light rail or streetcar system**. They carry the electrical power needed to operate the electric vehicle (the bus in this case).

Here's a breakdown:

*   **Tensioned Wires:** The wires are suspended by pylons (the tall poles) and are tightly tensioned.
*   **Contact Shoe:** The bus has a ""contact shoe"" – a metal strip – that runs along the top of the wires. This shoe receives the electricity from the wires, powering the electric motors that drive the bus.

Do you want to know more about how this system works, or perhaps how it differs from a traditional diesel bus?"
What does the red side advertisement promote?,"Based on the image, the red side advertisement promotes **Cindy Sherman**. You can see her portraits displayed on the ad."
"What does ""MUNI"" on the bus signify?","Certainly! Let's break down what ""MUNI"" signifies on the bus.

**MUNI stands for San Francisco Municipal Transportation Agency.**

It's the public transportation system for San Francisco, California. They operate buses, streetcars, light rail, and cable cars.

Do you want to know anything more about MUNI or this specific bus?"
What number is written on the upper right corner of the bus?,The number written on the upper right corner of the bus is 8235.
What type of construction is occurring in the background of the image?,"Based on the image, it appears that **concrete construction** is taking place in the background. You can see a large structure with many stacked concrete blocks, which is characteristic of a building under construction.

Let me know if you want me to elaborate on anything else about the image!"
How many doors are visible on the bus?,"Based on the image, there are **three** doors visible on the bus."
Is this bus a single or articulated (double-length) bus?,"Based on the image, this is an **articulated bus**.

Here's how you can tell:

*   **Seam:** You can clearly see a seam running down the center of the bus, where the two sections connect. This is a key indicator of an articulated design.

Would you like to know anything more about the bus or the image?"
How many passengers do you think this type of bus can accommodate?,"Okay, let's take a look at the bus!

Based on its appearance, this looks like a Muni Metro bus (likely from San Francisco). These buses typically have seating for around **30-40 passengers**, and often can accommodate more standing passengers.

It's difficult to give an exact number without knowing the specific model, but that's a reasonable estimate.

Do you want to know anything more about this bus or the area it's in?"
What could the red and white color scheme of the bus indicate?,"Okay, let’s analyze the red and white color scheme of this bus!

Here's what it likely indicates:

*   **San Francisco Municipal Transit Authority (SFMTA):** The bus is clearly an SFMTA bus. Their main color scheme is a combination of red and white.
*   **Branding and Recognition:** The colors are instantly recognizable as part of the SFMTA brand. This helps passengers quickly identify the bus as belonging to the transit system.
*   **Historical Significance:** The red and white scheme has been a staple of SFMTA buses for many years, and it's a part of the city's transportation identity.

Would you like to know anything more about this bus or the SFMTA?"
What purpose do the poles extending upwards from the bus serve?,"Certainly! Let's analyze the image.

Those poles extending upwards from the bus are part of the trolley wire system. They're used to support the wires that carry the electricity to power the streetcars or trolley buses.

In this case, it appears to be a Muni bus, and Muni uses trolley buses, so these poles are essential for their operation.

Would you like to know anything more about trolley systems or Muni buses?"
"What is the significance of the name ""CINDY SHERMAN"" on the advertisement?","Certainly! Let's analyze the image to determine the significance of the name ""Cindy Sherman"" on the advertisement.

Based on the context, the advertisement features portraits of Cindy Sherman, a renowned American photographer. She is famous for her self-portrait series, where she embodies and portrays a wide range of female characters.

Therefore, the advertisement is likely promoting Cindy Sherman's artwork or a related exhibition. The bus is part of the San Francisco Municipal Transportation Agency (SFMTA), and this advertising space is used to display local artists and exhibitions.

Would you like me to provide more information about Cindy Sherman or the SFMTA’s advertising program?"
What type of lamp pole is shown near the bus?,"Based on the image, the lamp pole near the bus appears to be a **Class 80 pole**.

Here's how I can tell:

*   **Shape and Design:** Class 80 poles are characterized by their distinctive, somewhat boxy shape and the presence of a rounded “nose” section.
*   **Construction:** They typically have multiple arms for distributing power to the street lights.

Do you want to know anything more about this type of pole or the bus itself?"
Are there any structural reinforcements visible in the background?,"Yes, absolutely! In the background, there's a significant amount of structural reinforcements visible – a large pile of steel beams and posts. It appears to be a construction site, likely for a building project."
What kind of traffic signals can be seen in the image?,"Certainly! Let's analyze the image.

In the image, you can clearly see **overhead traffic signals**, specifically the type used for streetcars or trolley systems. They are the elevated wires and poles with the signal lights attached.

Let me know if you’d like me to zoom in on any particular detail!"
How do the rounded windows on the bus affect its design?,"Okay, let's analyze how the rounded windows on this bus affect its design. Here's a breakdown of their impact:

**1. Aesthetic & Visual Appeal:**

*   **Softens the Form:** The rounded windows break up the more rigid, boxy shape of the bus. They introduce curves and soften the overall appearance, making it feel less industrial and more approachable.
*   **Adds a Vintage/Retro Feel:** Rounded windows are a common design element in older buses, particularly from the mid-20th century.  This bus clearly draws on that style, giving it a distinct and somewhat nostalgic look.
*   **Creates a Friendly Impression:** Rounded shapes are generally considered more inviting and less imposing than sharp angles. The rounded windows contribute to a more welcoming image for passengers.

**2. Functional Considerations (Though Less Obvious Here):**

*   **Reduced Sharp Edges:** Rounding the corners and edges of windows helps to minimize the risk of injury if someone bumps into them.
*   **Light Diffusion:**  Rounded edges can help to distribute light more evenly within the passenger area, reducing glare and creating a more pleasant interior environment.

**3. Integration with the Bus's Overall Style:**

*   **Complementary to the Branding:** The rounded windows perfectly match the bus's overall vintage aesthetic, which is enhanced by the ""Cindy Sherman"" advertisement and the distinctive orange accents.

**In summary, the rounded windows are a key element in shaping the bus's appearance, creating a visually appealing and friendly design that echoes classic bus styles.**

Do you want me to delve deeper into any aspect of this, like:

*   The historical context of rounded windows on buses?
*   How this design contrasts with more modern bus designs?"
Which areas could this bus potentially be serving?,"Okay, let's analyze the image to determine the likely areas this bus could be serving. Here's a breakdown of clues and my best guess:

**Key Visual Clues:**

*   **Bus Number (8235):** This is a major indicator. It belongs to the San Francisco Municipal Transportation Agency (SFMTA).
*   **“Cindy Sherman” Advertisement:** Cindy Sherman is a well-known American photographer, heavily associated with the San Francisco art scene.  This strongly suggests the bus route serves areas with a high concentration of arts and culture.
*   **Construction in the Background:** The visible construction site, especially the concrete pillars and what appears to be a building under construction, indicates a developing area – likely in a city center.
*   **Streetscape:** The overall scene suggests a fairly urban, slightly older area with utility poles and infrastructure.
*   **“CA 49661f” on the bus:** This is the zip code for the Sunset District, located on the west side of San Francisco.

**Likely Areas Served:**

Based on these clues, the bus most likely serves:

*   **Sunset District, San Francisco:** The zip code is the strongest indicator. This district has a mix of residential areas, shops, and cultural institutions.
*   **Adjacent Neighborhoods:** Given the SFMTA’s route structure, it could also serve parts of:
*   Richmond District (north of the Sunset)
*   Ingleside District (further north)

**In summary, this bus probably operates on a route within the Sunset District and potentially extends into nearby areas of San Francisco.**

Do you want me to delve deeper into any specific aspect of this analysis (e.g., looking at specific street names visible in the background, or researching the route number 8235)?"
What type of road surface is the bus driving on?,"Based on the image, the bus appears to be driving on **asphalt**. You can see the typical texture and coloration of asphalt pavement."
Is the bus stationary or in motion in this image?,"Based on the image, the bus appears to be in motion. Here's why:

*   **Motion Blur:** There's a slight motion blur on the bus, particularly on the wheels and the background elements. This is common when a photo is taken while the subject is moving.
*   **Perspective:** The slightly distorted perspective suggests the photo was taken as the bus was traveling.

Do you want me to analyze anything else about the image?"
What does the bus's compact size suggest about its urban functionality?,"Okay, let's analyze what the bus's size suggests about its urban functionality based on the image.

Here's what we can deduce:

*   **Designed for Narrow Streets:** The bus appears quite compact, especially compared to modern, larger buses. This strongly suggests it was designed to navigate the often-narrow streets common in older urban areas.
*   **Prioritizes Maneuverability:** A smaller size means it can easily turn corners, fit between buildings, and operate in dense urban environments where space is limited.
*   **Historically Relevant:** Buses like this, with their styling and features, are often from an earlier era of public transportation – likely the mid-20th century or earlier.  These older designs prioritized efficiency and space-saving in cities with developing infrastructure.

Do you want me to elaborate on any specific aspect of this, like its historical context, or perhaps discuss how urban transportation has evolved since this bus design?"
How many passenger windows are visible on the bus?,"Based on the image, I can see **10** passenger windows visible on the bus."
What materials do you think are being used in the background construction?,"Okay, let's analyze the background construction in the image.

Based on what I can see, it looks like the construction is primarily using **steel**. Here's a breakdown of the evidence:

*   **Piles of Rebar:** The most prominent feature is the massive stacks of rebar (reinforcing steel bars). This is a fundamental component of concrete structures.
*   **Steel Columns/Pillars:** There are vertical steel columns or pillars rising up behind the bus. These would likely be used to support the building structure.
*   **Steel Framing:** I can see some steel framing members, suggesting this is a modern construction method.

It's also likely that concrete will be a major material used in the building itself, as rebar is almost always used within concrete structures.

Do you want me to zoom in on any specific part of the image to try and identify other materials more precisely?"
What is likely the bus's fuel/electric source given the overhead wires?,"Based on the presence of the overhead wires, it's highly likely that this bus is running on **electric power via a trolley system**.

Here's why:

*   **Overhead Wires:** The wires are a key indicator. These are used to transmit electricity to buses equipped with a trolley pole or collector shoe.
*   **Bus Identification:** The ""CA 49619"" and ""8235"" numbers on the bus likely refer to its route and number, not its fuel source.

These types of buses are commonly found in urban areas to reduce emissions and provide a cleaner form of transportation.

Would you like to know more about trolley bus systems or the specific transit agency this bus belongs to?"
What role does public transportation play in urban development in this context?,"Okay, let's analyze the image and discuss the role of public transportation in urban development, specifically in the context you've presented.

**Here's a breakdown based on what's visible in the photo:**

* **The Bus (Specifically Muni Bus 8235):** This is a key element. It’s a Muni bus (San Francisco Municipal Transportation Agency), heavily branded with a local figure (Cindy Sherman), suggesting it's operating within a specific urban area.
* **Construction Site in the Background:** The large construction site behind the bus is very important. It’s a sign of growth and development, likely residential or commercial.
* **Utility Poles & Overhead Lines:** These are common in urban areas, indicating established infrastructure and a city that’s been built over time.

**Here’s how public transportation (like this bus) plays a critical role in this kind of urban development:**

1. **Supports Growth & Density:**  Dense urban areas – like San Francisco – *require* reliable public transportation. Without it, car-dependent development would be the only option, leading to increased traffic congestion, parking problems, and sprawl.  The bus is facilitating people getting to and from the construction site and the surrounding areas.

2. **Connects Residential & Commercial Areas:** The bus is connecting the area where the advertising is located (likely residential) with the construction site, potentially areas with jobs and businesses.  Efficient public transport is crucial for a balanced, mixed-use city.

3. **Encourages Sustainable Development:** By reducing reliance on cars, public transport promotes more environmentally friendly urban planning.  It supports higher-density developments because people can live and work without needing to own a vehicle.

4. **Economic Activity:**  Public transport helps people access jobs, businesses, and cultural amenities. This increased accessibility supports local economies.

5. **Land Use:** Public transportation networks often dictate where development happens. Areas well-served by transit tend to have higher property values and more diverse uses.

**In this specific image, the presence of the bus, the construction site, and the utility infrastructure all speak to a dynamic, evolving urban environment where public transport is integral to the process.**

Do you want me to delve deeper into a particular aspect of this, such as:

*   The role of transit-oriented development (TOD)?
*   How specific transit systems (like Muni) impact the city of San Francisco?"
Can you identify the type of bus by its design or features?,"Okay, let's analyze the bus in the image!

Based on its design and features, this is a **Gillig BRT-40 (or a variant)** bus. Here's what points to that identification:

*   **Rounded Front End:** Gillig buses are known for their distinctive rounded front end.
*   **Step Design:** The step design in the front is characteristic of Gillig models.
*   **Window Style:** The large side windows with the prominent upper section are typical of Gillig buses.
*   **Advertising Wrap:** The overall design and the advertising space layout match Gillig buses frequently used by the Muni system in San Francisco.

**Additional details:**

*   The bus is part of the San Francisco Municipal Transportation Agency (Muni).
*   The number ""8235"" and ""Cindy Sherman"" on the bus confirm this.

Do you want me to delve into any specific aspect of this bus, such as its history, or the advertising on it?"
What time of day could this image have been taken based on lighting?,"Okay, let's analyze the lighting in the image to estimate the time of day.

Here's what I'm seeing:

*   **Soft, diffused light:** The light isn't harsh or overly bright. It's fairly even across the scene.
*   **Shadows are subtle:** There aren’t strong, defined shadows. This suggests the sun isn't directly overhead.
*   **Warm tone:** There's a warm, golden hue to the light, indicating it's likely during the ""golden hour"" – either early morning or late afternoon.

Considering these factors, I'd estimate that this image was taken sometime between **late morning and early afternoon** or **late afternoon** (perhaps around 10:00 AM - 4:00 PM). The soft light would be typical of these times.

Do you want me to consider any other details to refine the guess further?"
What safety measures might exist on this bus for passengers?,"Okay, let's analyze the image and consider the safety measures likely present on this bus. Here’s a breakdown of what we can see and infer:

**Visible Safety Features:**

*   **Roll-Up Bus Doors:** The most prominent feature is the roll-up doors on the front and rear. These are a crucial safety measure, preventing passengers from accidentally falling into the street when the doors open.
*   **Seatbelts:** Although not clearly visible, buses like this typically have seatbelts in both the front and rear sections.
*   **Emergency Exit Signs & Strobes:**  You can see flashing yellow lights indicating emergency exits.  There are also signs showing the location of emergency exits.
*   **Grab Handles and Handrails:**  Along the sides and within the passenger areas, you’ll find grab handles and handrails to help passengers maintain their balance, especially when the bus is in motion.
*   **Mirrors:**  There are side mirrors to give the driver a wide view of the surroundings, critical for safe operation.
*   **Flashing Lights (Amber):** The amber lights are standard for indicating that the bus is approaching a stop.
*   **Wheelchair Ramp/Lift:** The rear of the bus shows a ramp or lift which is an important safety feature to allow access for those with mobility limitations.

**Implied Safety Features (Likely Present but not Visible):**

*   **Seatbelts:**  As mentioned above, these are almost certainly present.
*   **Fire Suppression System:** Buses have systems to detect and suppress fires.
*   **Public Address System:**  For announcements to passengers.
*   **Automatic Braking System:** Modern buses typically have advanced braking systems to assist the driver and prevent accidents.
*   **Collision Avoidance System:** Newer buses are incorporating systems to help avoid collisions.
*   **Security Cameras:**  Increasingly, buses have internal and external cameras for passenger safety and monitoring.



**Important Note:** The specific safety features can vary slightly depending on the bus manufacturer and the transit agency's policies.

Do you want me to delve deeper into any of these safety features or perhaps explore safety measures related to bus operation more broadly (like driver training or maintenance)?"
How many advertisements total can you see on the bus?,"Okay, let's count the advertisements on the bus in the image.

I can see **three** advertisements:

1.  The prominent billboard featuring Cindy Sherman portraits.
2.  A smaller advertisement for ""Muni"" (likely referring to San Francisco Municipal Transportation Agency).
3.  The ""CA 49616"" on the front of the bus, which functions as a license plate/identification.

Do you want me to describe any of these in more detail?"
Are there any visible street signs or markers near the bus?,"Okay, let's take a look at the image.

Yes, there is a visible street sign!

It's on the right side of the image, partially obscured by the construction. It reads ""CA 49616"".

Do you want me to zoom in and try to read any other details on the sign?"
How does the urban infrastructure depicted affect the integration of public transit?,"Okay, let's analyze how the urban infrastructure in this image affects the integration of public transit.

**Here’s a breakdown of the elements and their impact:**

1. **Utility Poles and Overhead Wires:**
* **Negative Impact:** These are a *major* obstacle to effective public transit integration. The wires and poles are a visual clutter, can block the view of passengers, and require the bus to lower its height, which can be inconvenient. They also create a physical hazard and can interfere with signaling systems.
* **Historical Context:** These infrastructure elements are remnants of a time when power distribution was a more prominent concern, and transit systems weren't designed with their presence in mind.

2. **Construction Site (with Steel Beams):**
* **Temporary Disruption:** Construction actively disrupts transit routes. It causes traffic congestion, detours, and delays.  The steel beams further contribute to visual clutter and potential obstructions.
* **Long-Term Impact:** Ongoing construction can necessitate permanent route changes, impacting ridership and accessibility.

3. **Building in the Background (Under Construction):**
* **Density and Land Use:**  The presence of a building under construction suggests a dense urban area, which *can* be beneficial for public transit. Higher density often supports more frequent service and greater ridership. However, if the development is poorly planned (e.g., focusing on cars), it can still hinder transit.

4. **The Bus Itself (Cindy Sherman Ad):**
* **Local Branding & Engagement:** The bus’s advertising campaign is important for community engagement and promoting local talent.
* **Transit Vehicle Design:** The bus design itself (likely a vintage model) is a factor. Older buses may have limitations in terms of accessibility, modern amenities, and comfort – all of which can affect ridership.

**Overall Assessment & Integration Challenges:**

In this particular image, the infrastructure is creating significant challenges for public transit integration. The utility poles and construction are visual and physical barriers.

**To truly integrate public transit effectively, cities need to:**

* **Infrastructure Upgrades:**  Consider burying or relocating utility lines to improve visibility and safety for transit vehicles.
* **Transit-Oriented Development (TOD):**  Plan new development around transit hubs, encouraging density and reducing reliance on cars.
* **Construction Management:** Coordinate construction projects with transit agencies to minimize disruption.
* **Modernize Transit Vehicles:** Invest in newer, more accessible, and comfortable buses and trains.



**Do you want me to delve deeper into a specific aspect of this, such as:**

*   The role of urban planning in mitigating these challenges?
*   How this situation compares to transit integration in other cities?"
What city does this bus likely operate in?,"Based on the bus's design and the advertisement, this bus most likely operates in **San Francisco, California**.

Here's how I arrived at that conclusion:

*   **""Cindy Sherman"" Advertisement:** Cindy Sherman is a prominent American photographer who has lived and worked extensively in San Francisco.
*   **MUNI Bus:** The bus has ""MUNI"" (San Francisco Municipal Railway) branding.
*   **Bus Number:** The number 8235 is used by MUNI buses.

Let me know if you would like to ask about any other details of the image!"
What does the ad on the side of the bus promote?,"Based on the image, the ad on the side of the bus promotes **Cindy Sherman**.

You can see her portraits displayed prominently on a red banner."
"What does ""Muni"" refer to on the bus?","Based on the image, ""Muni"" refers to **San Francisco Municipal Transportation Agency**.

Muni is the public transportation system for San Francisco, California. You can see their logo prominently displayed on the bus."
How many doors are visible on this side of the bus?,"Based on the image, there are **three** doors visible on the side of the bus."
What kind of construction is visible in the background?,"Okay, let’s take a look at the image.

In the background, it appears to be a large construction project – likely a building. There are numerous stacks of concrete pillars and what looks like scaffolding and construction materials. It’s a fairly substantial building under development.

Do you want me to try and describe anything else about the image, like the type of bus or the location?"
What is the bus number written on the front side?,The bus number written on the front side is 8235.
What colors are used on the exterior design of the bus?,"Okay, let’s analyze the colors on the exterior of the bus in the image. Here's a breakdown:

*   **White:** The primary color of the bus body.
*   **Red:** Used for the windows and the stripe along the bottom.
*   **Orange:** Used for the stripe on the front and along the sides.
*   **Black:** Used for the lettering and some trim details.
*   **Gray/Silver:** Used for the wheels and some of the lower accents.

Do you want me to focus on any specific part of the bus’s design, like the advertisements?"
How many windows does the bus have on this visible side?,"Okay, let's count the windows on the visible side of the bus in the image.

There are **9** windows.

Let me know if you want me to look for anything else in the picture!"
Are there any visible passengers inside the bus?,"Based on the image, it's difficult to definitively say whether there are any visible passengers inside the bus. The windows are largely obscured, and it's hard to discern any figures within."
What utility poles or wires can be seen in the image?,"Here's what I can see in the image regarding utility poles and wires:

*   **Utility Poles:** There are numerous wooden utility poles visible, spaced out along the street.
*   **Overhead Wires:** A network of wires runs between the poles, carrying power lines.
*   **Tram Lines:**  There's a distinct set of wires, running along the top of the street, which appear to be for a tram or streetcar system.

Let me know if you would like me to describe any specific aspect of the image further!"
What is the 'Cindy Sherman' ad promoting?,"Certainly! Let's take a look at the image.

The ""Cindy Sherman"" ad is promoting her book, ""Untitled Film Stills"".

You can see the book title and a portrait of Cindy Sherman herself on the advertisement."
What type of power lines are shown in the image?,"Based on the image, the power lines appear to be **overhead catenary lines** used to supply power to streetcars or trolleys.

Here's what indicates this:

*   **The structure:** The prominent, angled structures (the ""towers"") and the cables running between them are characteristic of catenary systems.
*   **The contact wire:** You can see the wire running along the top of the bus, which is the contact wire that receives power from the catenary.

It's a common system used for electric transportation in urban areas.

Would you like me to tell you more about catenary systems or streetcars?"
Is this bus powered electrically or by gas/diesel?,"Based on the image, this bus appears to be **electrically powered**. Here's how I can tell:

*   **Lack of Exhaust:** There's no visible exhaust pipe or engine, which is characteristic of diesel or gas-powered buses.
*   **Tram Lines:** The prominent overhead tram lines suggest it's connected to an electrical grid for propulsion.

It’s a Muni bus (San Francisco Municipal Railway), and Muni has been steadily transitioning to a fully electric bus fleet.

Let me know if you’d like to explore anything else about the image!"
Can you identify any nearby streetlights in the image?,"Okay, let's analyze the image for nearby streetlights.

In the image, I can identify three streetlights. They are located on the poles above the bus, to the left and right of the bus.

Would you like me to describe any of them in more detail, or perhaps identify any other features in the image?"
How many tires are visible on this side of the bus?,"Based on the image, there are 6 tires visible on the side of the bus."
Are there any visible advertisements other than the main poster?,"Yes, there are a few other visible advertisements on the bus!

You can see:

*   **""CA 49616""** on the side of the bus
*   **“8235”** on the front of the bus

Do you want me to describe anything else about the image?"
Is there any indicator about the bus' route in the image?,"Certainly!

Based on the image, there's a number displayed on the bus: **8235**.

This number likely indicates the route number of the bus."
What year might this image have been taken based on the surroundings?,"Okay, let's analyze the image to estimate the year it was taken. Here's my reasoning:

**Key Indicators & Estimates:**

1.  **Bus Design:** The bus itself is a classic Muni Metro bus, specifically a model that was in service in the late 1980s and early 1990s. The overall look of the bus—the shape, the windows, the front end—strongly points to this era.

2.  **Advertisement:** The advertisement featuring Cindy Sherman is very significant. Cindy Sherman's most famous work, ""Untitled Film Stills,"" was released in 1977-1978. This suggests the ad was placed relatively soon after, likely in the early 1980s.

3.  **Construction:** The construction in the background appears to be a fairly typical concrete and steel structure. While construction styles evolve, the look is consistent with building practices of the 1980s.

4.  **Streetlight Style:** The streetlights are a good indicator. They have the classic, utilitarian design of the time, with the distinctive metal arms and globes.

**Conclusion:**

Based on all these factors, I would estimate that this image was taken sometime between **1985 and 1992.**

**Do you want me to elaborate on any of these points, or perhaps examine a specific detail more closely?**"
Are there any signs of the bus being ADA-compliant?,"Okay, let's analyze the image to see if we can spot any signs of ADA (Americans with Disabilities Act) compliance on the bus.

Here’s what I can observe:

*   **Low-floor Entry:** The bus has a low floor near the entrance, which is a key feature for accessibility. This allows easier boarding for people using wheelchairs or mobility devices.

*   **Ramp:** There appears to be a ramp beside the low-floor entry. This is a crucial component for assisting passengers with mobility devices.

*   **Grab Bars:** I can see grab bars inside the bus, which provide support for passengers who need it.

Based on these visual cues, it does appear that this bus is designed to be ADA-compliant.

**Important Note:** *I’m relying solely on the visual information in the image. A full assessment would require a detailed inspection of the interior and exterior of the bus.*

Would you like me to look for anything else specific about the bus in the image?"
What materials are primarily visible in the background construction?,"Okay, let's analyze the background construction in the image.

The materials primarily visible are:

*   **Steel Rebar:** There's a large quantity of steel rebar, which is used to reinforce concrete structures.
*   **Concrete:** You can see the beginnings of concrete forms and walls in the construction.

Let me know if you'd like me to describe any other details in the image!"
What time of day do you think this photo was taken?,"Based on the lighting in the image, I'd estimate this photo was taken during the **mid-morning or early afternoon**. Here's why:

*   **Bright, Direct Sunlight:** The sunlight is quite strong and casts sharp shadows.
*   **Clear Blue Sky:** The sky is a clear blue, which is typical of daylight hours.

It's not possible to give a precise time, but these observations point to a time when the sun is high in the sky.

Would you like me to describe any other details in the image?"
Are there any visible traffic signals in the image?,"Yes, there is a visible traffic signal in the image. It's the tall, ornate one on the right side of the frame, near the construction site."
What art or design elements are notable on the bus ad?,"Okay, let's break down the notable art and design elements on the bus ad in the image:

1.  **Portraiture:** The most prominent element is the pair of portraits of women adorning the large red banner. They appear to be stylized, slightly surreal, and quite striking – perhaps leaning towards a dreamlike or painted quality. They are centrally featured, immediately drawing the eye.

2.  **Color Palette:** The ad utilizes a vibrant color scheme. The white bus provides a neutral background, while the red banner pops with energy. The orange accents (on the logo and the bus's front) add another contrasting element.

3.  **Typography:** The name ""CINDY SHERMAN"" is displayed in a bold, clear font. The logo of the Muni transit system is also clearly visible.

4.  **Graphic Elements:** The small decorative elements like the floral design and starbursts in the corners of the banner contribute to the overall visual interest.

5. **Overall Composition**: The portrait images are large, taking up a significant portion of the ad's surface area. This emphasizes their importance.

**In essence, the ad is designed to be eye-catching and memorable, likely aiming to promote Cindy Sherman's work and increase awareness of the Muni transit system.**

Would you like me to focus on any specific aspect of the ad, such as the style of the portraits or the branding elements?"
What language is used on the bus and its advertisements?,"Based on the image, the language used on the bus and its advertisements is primarily **English**.

Here's what I can identify:

*   **Bus Number:** ""8235""
*   **Route:** ""CA 49/619""
*   **Advertisement Text:** “CINDY SHERMAN” and other text on the ad.
*   **Company Logo:** ""Muni"" (likely referring to San Francisco Municipal Transportation Agency)"
Is this type of bus common in urban areas?,"Yes, the type of bus in the image – a classic, older style of articulated (or ""bendy"") bus – is definitely common in many urban areas, particularly in older cities.

Here’s why:

*   **Historical Prevalence:** These buses have been around for decades and were widely adopted by transit agencies seeking to increase capacity on busy routes.
*   **Maintenance & Cost:** They are often more reliable and easier to maintain than newer, more complex models.
*   **Still in Service:** Many transit agencies continue to operate these buses as part of their fleets, often alongside newer vehicles.

You’ll find them frequently in cities like San Francisco (where this bus appears to be), Seattle, Boston, and many other major metropolitan areas.

Do you want me to tell you more about these buses, like their history or how they differ from modern buses?"
How could the construction visible in the photo affect the area?,"Okay, let's analyze how the construction visible in the photo could affect the area.

Here’s a breakdown of the potential impacts, based on what's shown:

**Immediate & Direct Impacts:**

*   **Traffic Disruption:** The construction directly along the street will undoubtedly cause traffic congestion. Lane closures, detours, and construction vehicles will slow down traffic flow.
*   **Noise Pollution:** Construction activities – hammering, drilling, heavy machinery – create significant noise, impacting residents and businesses nearby.
*   **Dust and Debris:** Construction generates dust and debris that can affect air quality and potentially damage nearby buildings and landscaping.
*   **Limited Access:** Certain businesses and residences might experience limited access due to the construction zone.

**Longer-Term Impacts & Considerations:**

*   **Economic Effects:**
*   **Construction Jobs:** The project will create temporary construction jobs, which is a positive economic impact.
*   **Business Impact:** Local businesses could experience a temporary decline in customers as access is restricted.
*   **Property Values:** Depending on the location and the project’s success, property values in the surrounding area could increase after the construction is completed.
*   **Visual Impact:** Construction creates a temporary eyesore, which can detract from the neighborhood's aesthetic.
*   **Infrastructure Changes:** The construction may lead to improvements in the area's infrastructure, such as new roads, sidewalks, or utilities (This depends on the scale and purpose of the construction).
* **Increased Demand:** Depending on the nature of the construction (e.g., a new building), it can lead to increased demand for services and resources in the area (housing, schools, etc.).



**To give you a more precise assessment, could you tell me:**

*   **What kind of construction is it?** (e.g., a building, roadwork, utility project?)
*   **Where is it located?** (e.g., a densely populated urban area, a suburban neighborhood?)"
What kind of architecture is the building under construction likely to have?,"Based on the image, the building under construction appears to be a **modern high-rise** or a **tall, contemporary office building**.

Here's what leads me to that conclusion:

*   **Geometric design:** The building's structure is characterized by clean lines, sharp angles, and a rectangular form.
*   **Steel framework:** The visible steel support structure is typical of modern high-rise construction.
*   **Construction methods:** The scaffolding and apparent use of precast concrete panels also suggest a modern building approach.

It's difficult to be more precise without a better view of the building's facade, but the overall impression is a contemporary high-rise structure.

Would you like me to try and answer any other questions about the image?"
Can you see any parts of the sky in this photo?,"Yes, I can see parts of the sky in the photo! It appears to be a bright, clear blue."
How many utility poles are shown in the picture?,"Based on the image, I can count approximately **16** utility poles.

It's a bit tricky because some are partially obscured, but I've tried to include all the visible ones."
"Is the bus in motion, or is it stopped?","Based on the image, the bus appears to be **stopped**.

Here's what suggests this:

*   The wheels are not raised off the ground.
*   There is a noticeable curb in the foreground.
*   The bus has a driver visible inside.

Let me know if you'd like me to analyze anything else about the image!"
